{
    "$schema": "https://schema.management.azure.com/schemas/2019-04-01/deploymentTemplate.json#",
    "contentVersion": "1.0.0.0",
    "parameters": {
        "name": {
            "type": "string",
            "metadata": {
                "description": "description"
            }
        },
        "location": {
            "type": "string",
            "metadata": {
                "description": "description"
            }
        },
        "parameter2": {
            "type": "string",
            "metadata": {
                "description": "parameter2"
            }
        },
        "email": {
            "type": "string",
            "metadata": {
                "description": "email"
            }
        }

    },
    "variables": {
        "funcname": "redefinitfunctionapp2022"
    },
    "functions": [

    ],
    "resources": [
        {
            "type": "Microsoft.CustomProviders/resourceProviders",
            "name": "public",
            "apiVersion": "2018-09-01-preview",
            "location": "[parameters('location')]",
            "dependsOn": [

            ],
            "properties": {
                "actions": [
                    {
                        "name": "action1",
                        "routingType": "Proxy",
                        "endpoint": "[concat('https://', variables('funcname'), '.azurewebsites.net/api/HttpTriggerFunction1')]"
                    }
                ],
                "resourceTypes": [
                    {
                        "name": "customvm1",
                        "routingType": "Proxy",
                        "endpoint": "[concat('https://', variables('funcname'), '.azurewebsites.net/api/HttpTriggerFunction1')]"
                    }
                ]
            }
        }
    ],
    "outputs": {
        "name": {
            "type": "string",
            "value": "default"
        }
    }
}