{
    "$schema": "https://schema.management.azure.com/schemas/viewdefinition/0.0.1-preview/ViewDefinition.json#",
    "contentVersion": "0.0.0.1",
    "views": [
        {
            "kind": "Overview",
            "properties": {
                "header": "Header info",
                "description": "Description of the view",
                "commands": [
                    {
                        "displayName": "Action 1",
                        "path": "action1",
                        "icon": "LaunchCurrent",
                        "createUIDefinition": {
                            "$schema": "https://schema.management.azure.com/schemas/0.1.2-preview/CreateUIDefinition.MultiVm.json#",
                            "parameters": {
                                "basics": [

                                ],
                                "steps": [

                                ],
                                "outputs": {}
                            }
                        }
                    }
                ]
            }
        },
        {
            "kind": "CustomResources",
            "properties": {
                "displayName": "Custom VMs",
                "version": "1.0.0",
                "resourceType": "customvm1",
                "createUIDefinition": {
                    "$schema": "https://schema.management.azure.com/schemas/0.1.2-preview/CreateUIDefinition.MultiVm.json#",
                    "parameters": {
                        "basics": [

                        ],
                        "steps": [

                        ],
                        "outputs": {

                        }
                    }
                },
                "commands": [
                    {
                        "displayName": "Action on CustomVM1",
                        "path": "customvm1/change",
                        "icon": "Go",
                        "createUIDefinition": {
                            "$schema": "https://schema.management.azure.com/schemas/0.1.2-preview/CreateUIDefinition.MultiVm.json#",
                            "parameters": {
                                "basics": [

                                ],
                                "steps": [

                                ],
                                "outputs": {
                                    
                                }
                            }
                        }
                    }
                ],
                "columns": []
            }
        }
    ]
}